NumberOfPositions,ATCOCode
0,3500B105302
3,030058840001
3,227000011215
3,227000011229
3,2700LDGC1811
4,030058950001
4,030058940001
4,030058910001
4,030058920001
4,07605862
4,07605863
4,07605864
4,077072855
4,077072856
4,077072858
4,077072859
4,078074107
4,1100FLX00003
4,1500FLX1497
4,1600FLX08
4,1600FLX54
4,1600FLX104
4,1600FLX106
4,1600FLX121
4,1900HAFLX006
4,227000011134
4,227000011135
4,227000011136
4,227000011137
4,227000011138
4,227000011139
4,227000011140
4,227000011141
4,227000011142
4,227000011143
4,227000011144
4,227000011145
4,227000011146
4,227000011147
4,227000011148
4,227000011149
4,227000011150
4,227000011151
4,227000011152
4,227000011153
4,227000011154
4,227000011155
4,227000011156
4,227000011157
4,227000011168
4,227000011169
4,227000011170
4,227000011171
4,227000011172
4,227000011173
4,227000011174
4,227000011175
4,227000011176
4,227000011177
4,227000011178
4,227000011179
4,227000011180
4,227000011181
4,227000011182
4,227000011183
4,227000011184
4,227000011186
4,227000011187
4,227000011188
4,227000011189
4,227000011190
4,227000011191
4,227000011192
4,227000011193
4,227000011194
4,227000011195
4,227000011196
4,227000011197
4,227000011198
4,227000011199
4,227000011200
4,227000011201
4,227000011202
4,227000011203
4,227000011204
4,227000011205
4,227000011206
4,227000011207
4,227000011208
4,227000011209
4,227000011210
4,227000011211
4,227000011212
4,227000011213
4,227000011214
4,227000011216
4,227000011217
4,227000011218
4,227000011219
4,227000011220
4,227000011221
4,227000011222
4,227000011223
4,227000011224
4,227000011225
4,227000011226
4,227000011227
4,227000011228
4,227000011230
4,227000011231
4,227000011232
4,227000011233
4,227000011234
4,227000011235
4,227000011236
4,227000011237
4,26000802F
4,270000008195
4,270000008196
4,270000008197
4,270000008709
4,270000008710
4,270000009069
4,270000009070
4,270000009072
4,270000009073
4,270000009074
4,270000009075
4,270000009082
4,270000009083
4,270000009085
4,270000009086
4,270000009087
4,270000009089
4,270000009091
4,270000009092
4,270000009094
4,270000009100
4,270000009107
4,270000009111
4,270000009117
4,270000009596
4,270000009656
4,270000009763
4,270000010161
4,270000010162
4,270000010543
4,270000010712
4,270000010757
4,270000010917
4,270000013659
4,270000014172
4,270000014450
4,270002700154
4,270002700155
4,270002700157
4,270002700158
4,270002700159
4,270002700160
4,270002700161
4,270002700162
4,270002700163
4,270002700164
4,270002700166
4,270002700167
4,270002700168
4,270002700169
4,270002700170
4,270002700171
4,270002700172
4,270002700173
4,270002700174
4,270002700175
4,270002700176
4,270002700177
4,270002700178
4,270002700179
4,270002700180
4,270002700181
4,270002700182
4,270002700183
4,270002700184
4,270002700185
4,270002700187
4,270002700189
4,270002700190
4,270002700191
4,270002700193
4,270002700194
4,270002700195
4,270002700196
4,270002700197
4,270002700198
4,270002700199
4,270002700200
4,270002700201
4,270002700202
4,270002700203
4,270002700204
4,270002700205
4,270002700206
4,270002700207
4,270002700208
4,270002700209
4,270002700210
4,270002700211
4,270002700212
4,270002700213
4,270002700214
4,270002700215
4,270002700216
4,270002700217
4,270002700218
4,270002700219
4,270002700220
4,270002700221
4,270002700222
4,270002700223
4,270002700224
4,270002700225
4,270002700226
4,270002700227
4,270002700471
4,270002700472
4,270002700473
4,270002700474
4,270002700475
4,270002700476
4,270002700477
4,270002700478
4,270002700479
4,270002700480
4,270002700481
4,270002700812
4,270002700813
4,270002700814
4,270002700815
4,270002700816
4,270002700817
4,270002700818
4,270002700819
4,270002700820
4,270002700822
4,270002700823
4,270002700824
4,270002700825
4,270002700826
4,270002700829
4,270002700830
4,270002700831
4,270002700832
4,270002700833
4,270002700834
4,270002700887
4,270002700933
4,270002700934
4,270002700935
4,270002700938
4,270002700939
4,270002700940
4,270002700941
4,270002700942
4,270002700943
4,270002700944
4,270002700945
4,270002700946
4,270002700947
4,270002700948
4,270002700949
4,270002700950
4,270002700951
4,270002700952
4,270002700953
4,270002700954
4,270002700955
4,270002700956
4,270002700957
4,270002700966
4,270002700967
4,270002700968
4,270002700969
4,270002700970
4,270002700971
4,270002700972
4,270002700973
4,270002700974
4,270002700975
4,270002700976
4,270002700977
4,270002700978
4,270002700979
4,270002700980
4,270002700982
4,270002700983
4,270002700984
4,270002700985
4,270002700986
4,270002700987
4,270002700988
4,270002700989
4,270002700990
4,270002700991
4,270002700992
4,270002700993
4,270002700994
4,270002700995
4,270002700996
4,270002700997
4,270002701087
4,270002701088
4,270002701226
4,270002701227
4,270002701228
4,270002701229
4,270002701230
4,270002701231
4,270002701232
4,270002701233
4,270002701234
4,270002701235
4,270002701236
4,270002701237
4,270002701238
4,270002701239
4,270002701240
4,270002701241
4,270002701242
4,270002701243
4,270002701244
4,270002701245
4,270002701246
4,270002701247
4,270002701248
4,270002701249
4,270002701250
4,270002701251
4,270002701252
4,270002701253
4,270002701254
4,270002701255
4,270002701256
4,270002701257
4,270002701258
4,270002701259
4,270002701260
4,270002701261
4,270002701262
4,270002701263
4,270002701264
4,270002701265
4,270002701266
4,270002701267
4,270002701268
4,270002701269
4,270002701270
4,270002701271
4,270002701272
4,270002701273
4,270002701274
4,270002701275
4,270002701276
4,270002701277
4,270002701278
4,270002701279
4,270002701280
4,270002701281
4,270002701282
4,270002701283
4,270002701284
4,270002701285
4,270002701286
4,270002701287
4,270002701288
4,270002701289
4,270002701290
4,270002701340
4,270002701341
4,270002701342
4,270002701343
4,270002701344
4,270002701345
4,270002701346
4,270002701347
4,270002701348
4,270002701349
4,270002701350
4,270002701351
4,270002701352
4,270002701353
4,270002701354
4,270002701355
4,270002701356
4,270002701357
4,270002701358
4,270002701359
4,270002701360
4,270002701361
4,270002701362
4,270002701363
4,270002701364
4,270002701365
4,270002701366
4,270002701367
4,270002701368
4,270002701369
4,270002701370
4,270002701371
4,270002701372
4,270002701373
4,270002701374
4,270002701375
4,270002701376
4,270002701377
4,270002701378
4,270002701379
4,270002701380
4,270002701381
4,270002701382
4,270002701383
4,270002701384
4,270002701385
4,270002701386
4,270002701387
4,270002701388
4,270002701389
4,270002701390
4,270002701391
4,270002701392
4,270002701393
4,270002701394
4,270002701413
4,270002701414
4,270002701415
4,270002701416
4,270002701417
4,270002701418
4,270002701419
4,270002701420
4,270002701421
4,270002701422
4,270002701423
4,270002701424
4,270002701425
4,270002701426
4,270002701427
4,270002701428
4,270002701429
4,270002701430
4,270002701431
4,270002701432
4,270002701433
4,270002701434
4,270002701435
4,270002701436
4,270002701447
4,270002701448
4,270002701462
4,270002701463
4,270002701464
4,270002701465
4,270002701466
4,270002701467
4,270002701468
4,270002701469
4,270002701470
4,270002701508
4,270002701511
4,270002701513
4,270002701514
4,270002701515
4,270002701516
4,270002701522
4,270002701617
4,270002701618
4,270002701619
4,270002701620
4,270002701621
4,270002701622
4,270002701637
4,270002701648
4,270002701649
4,270002701650
4,270002701651
4,270002701652
4,270002701653
4,270002701654
4,270002701655
4,270002701656
4,270002701657
4,270002701661
4,270002701662
4,270002701663
4,270002701665
4,270002701696
4,270002701697
4,270002701698
4,270002701699
4,270002701700
4,270002701701
4,270002701702
4,270002701703
4,270002701704
4,270002701705
4,270002701706
4,270002701707
4,270002701708
4,270002701709
4,270002701710
4,270002701711
4,270002701712
4,270002701713
4,270002701714
4,270002701715
4,270002701716
4,270002701717
4,270002701718
4,270002701719
4,270002701720
4,270002701721
4,270002701722
4,270002701723
4,270002701724
4,270002701725
4,270002701726
4,270002701727
4,270002701728
4,270002701729
4,270002701730
4,270002701731
4,270002701732
4,270002701733
4,270002701735
4,270002701737
4,270002701738
4,270002701739
4,270002701740
4,270002701741
4,270002701743
4,270002701763
4,270002701764
4,270002701765
4,270002701766
4,270002701768
4,270002701769
4,270002702038
4,270002702039
4,270002702040
4,270002702042
4,270002702048
4,270002702050
4,270002702051
4,270002702052
4,270002702053
4,270002702054
4,270002702055
4,270002702056
4,270002702057
4,270002702058
4,270002702059
4,270002702060
4,270002702061
4,270002702062
4,270002702063
4,270002702064
4,270002702065
4,270002702066
4,270002702067
4,270002702068
4,270002702069
4,270002702070
4,270002702071
4,270002702072
4,270002702073
4,270002702074
4,270002702075
4,270002702076
4,270002702077
4,270002702078
4,270002702079
4,270002702080
4,270002703593
4,270002703602
4,270002703610
4,270002703611
4,270002703612
4,270002703614
4,270002703615
4,270002703616
4,270002703617
4,270002703618
4,270002703619
4,270002703620
4,270002703672
4,270002703673
4,270002703674
4,270002703675
4,270002703676
4,270002703677
4,270002703678
4,270002703679
4,270002703680
4,270002703703
4,270002703748
4,270002703749
4,270002703750
4,270002703751
4,270002703752
4,2700LACC1845
4,2700LACC1852
4,2700LACC2144
4,2700LALB0661
4,2700LAPC1848
4,2700LAPC2141
4,2700LBBC2448
4,2700LBCC2028
4,2700LBCC2029
4,2700LBCC2146
4,2700LBCC2280
4,2700LBCC2963
4,2700LBEC1854
4,2700LBFCC773
4,2700LBHB2274
4,2700LBHC2965
4,2700LBMC2959
4,2700LBV00812
4,2700LCC05285
4,2700LCCC2147
4,2700LCCC3019
4,2700LCHC2481
4,2700LCHC2966
4,2700LCPC1860
4,2700LCSA1840
4,2700LCT04013
4,2700LD002161
4,2700LDCC1863
4,2700LDCC2061
4,2700LDCC2154
4,2700LDCC2160
4,2700LDCC2967
4,2700LDGC2156
4,2700LDPB0998
4,2700LEKC2162
4,2700LEKC2163
4,2700LET02956
4,2700LETJ6507
4,2700LFAC2488
4,2700LFB01990
4,2700LFBC2479
4,2700LFCC1813
4,2700LFCC1872
4,2700LFCC2033
4,2700LFCC2282
4,2700LFCC2508
4,2700LGBC2473
4,2700LGBC2968
4,2700LGCC1764
4,2700LGCC1802
4,2700LGCC1885
4,2700LGCC2034
4,2700LGCC2169
4,2700LGCC2475
4,2700LGDC2447
4,2700LGDC2452
4,2700LGDE2453
4,2700LGHC2468
4,2700LGHR4232
4,2700LGSC2167
4,2700LGSC2284
4,2700LH002038
4,2700LHBC2180
4,2700LHBC2969
4,2700LHCC1903
4,2700LHCC1910
4,2700LHCC1914
4,2700LHCC1923
4,2700LHCC2076
4,2700LHCC2098
4,2700LHCC2104
4,2700LHCC2181
4,2700LHCC2288
4,2700LHCC2435
4,2700LHCH2524
4,2700LHFC2174
4,2700LHHC2179
4,2700LHHC2434
4,2700LHHC2970
4,2700LHHC2971
4,2700LHL06599
4,2700LHPH2449
4,2700LHSJ2443
4,2700LHSM2432
4,2700LHSM6184
4,2700LHSM6185
4,2700LHTC2041
4,2700LIMC2290
4,2700LIMF6569
4,2700LKBC2082
4,2700LKCC2183
4,2700LKCC2973
4,2700LKFC2310
4,2700LL000820
4,2700LLBC2417
4,2700LLBC2976
4,2700LLCC1937
4,2700LLCC2470
4,2700LLCC2975
4,2700LLER2153
4,2700LLGC2471
4,2700LLHC1927
4,2700LLHC1930
4,2700LLML2465
4,2700LLSC2184
4,2700LLSC2188
4,2700LLSC2490
4,2700LLTC2044
4,2700LMC00040
4,2700LMCC1942
4,2700LMCC1948
4,2700LMCC1950
4,2700LMCC2045
4,2700LMCC2095
4,2700LMCC2978
4,2700LMEC2191
4,2700LMHC1777
4,2700LMHC1938
4,2700LMHC2513
4,2700LML01892
4,2700LMLC2445
4,2700LMLF2977
4,2700LMSC1941
4,2700LMSC2981
4,2700LMSE2517
4,2700LNBC2982
4,2700LNT02039
4,2700LNYC2983
4,2700LOBC2192
4,2700LOCC1830
4,2700LPCC2193
4,2700LPH02378
4,2700LRBC2091
4,2700LRCC1819
4,2700LRCC1961
4,2700LRCC2051
4,2700LRCC2066
4,2700LRCC2985
4,2700LRCC2986
4,2700LRLB0633
4,2700LRM01960
4,2700LRMC2027
4,2700LRMC2952
4,2700LSBC2497
4,2700LSBC2987
4,2700LSCC1972
4,2700LSCC1981
4,2700LSCC2052
4,2700LSCC2200
4,2700LSCC2201
4,2700LSCC2202
4,2700LSCC2460
4,2700LSCC2463
4,2700LSCC2990
4,2700LSDC1978
4,2700LSGS6053
4,2700LSHC2519
4,2700LSHC2989
4,2700LSMC2002
4,2700LSOC1987
4,2700LSOP1141
4,2700LSOS1167
4,2700LSSE2501
4,2700LSSJ2482
4,2700LSTA6174
4,2700LSWS0388
4,2700LT000781
4,2700LTAS6516
4,2700LTBC2446
4,2700LTBC2993
4,2700LTCC2005
4,2700LTCC2008
4,2700LTCC2063
4,2700LTCC2078
4,2700LTCC2992
4,2700LTF01889
4,2700LTFS2207
4,2700LTGC2486
4,2700LTHC2995
4,2700LTSM2484
4,2700LTSP2209
4,2700LTTC2077
4,2700LTWC2998
4,2700LUCC2212
4,2700LUCC2213
4,2700LW002014
4,2700LWAC2060
4,2700LWCC1822
4,2700LWCC1921
4,2700LWCC2017
4,2700LWCC2018
4,2700LWCC2019
4,2700LWCC2958
4,2700LWCC3002
4,2700LWE03937
4,2700LWKC2210
4,2700LWMC2498
4,2700LWSC2502
4,2700LWSC3003
4,2700LWT01635
4,2700LWTB5028
4,300000002FZ
4,300000011FZ1
4,300000011FZ2
4,300000030FZ
4,300000030FZ2
4,300000037FZ
4,300000042FZ
4,300000055FZ
4,300000068FZ
4,300000070FZ
4,300000072FZ
4,300000078FZ
4,300000079FZ
4,300000087FZ
4,300000090FZ
4,300000100FZ
4,300000106FZ
4,300000109FZ
4,300000116FZ
4,300000140FZ
4,300000142FZ
4,300000145FZ
4,300000146FZ
4,300000162FZ
4,300000162FZ2
4,300000165FZ
4,300000166FZ
4,300000180FZ
4,300000205FZ
4,300000215FZ
4,300000219FZ
4,300000223FZ
4,300000224FZ
4,300000226FZ
4,300000248FZ
4,300000269FZ
4,300000275FZ
4,300000276FZ
4,300000283FZ
4,300000294FZ
4,300000314FZ
4,300000315FZ
4,300000316FZ
4,300000324FZ
4,300000336FZ
4,300000349FZ
4,300000354FZ
4,300000361FZ
4,300000369FZ
4,300000369FZ2
4,300000371FZ
4,300000379FZ
4,300000380FZ
4,300000382FZ
4,300000385FZ
4,300000394FZ
4,300000405FZ
4,300000413FZ1
4,300000413FZ2
4,300000413FZ3
4,300000420FZ
4,300000425FZ
4,300000427FZ
4,300000447FZ
4,300000448FZ
4,300000450FZ
4,300000451FZ
4,300000453FZ
4,300000454FZ
4,300000455FZ
4,300000456FZ
4,300000458FZ
4,300000487FZ
4,300000488FZ
4,300000492FZ
4,300000498FZ
4,300000501FZ
4,300000506FZ
4,300000511FZ
4,300000512FZ
4,300000513FZ
4,300000514FZ
4,300000515FZ
4,300000516FZ
4,300000517FZ
4,300000518FZ
4,300000519FZ
4,300000522FZ
4,300000528FZ
4,300000530FZ
4,300000534FZ
4,300000536FZ
4,300000537FZ
4,300000546FZ
4,300000547FZ
4,300000607FZ
4,300000608FZ
4,300000609FZ
4,300000611FZ
4,300000614FZ
4,300000614FZ1
4,300000614FZ2
4,300000615FZ
4,300000624FZ
4,300000632FZ
4,300000633FZ
4,300000634FZ
4,300000635FZ
4,300000636FZ
4,300000637FZ
4,300000639FZ
4,300000640FZ
4,300000642FZ
4,300000671FZ
4,300000672FZ
4,300000673FZ
4,300000674FZ
4,300000675FZ
4,300000676FZ
4,300000677FZ
4,300000678FZ
4,300000681FZ
4,300000685FZ
4,300000687FZ
4,300000688FZ
4,300000689FZ
4,300000693FZ
4,300000694FZ
4,300000695FZ
4,300000696FZ
4,300000697FZ
4,300000698FZ
4,300000712FZ
4,300000713FZ
4,300000714FZ
4,300000715FZ
4,300000716FZ
4,300000717FZ
4,300000718FZ
4,300000719FZ
4,300000720FZ
4,300000722FZ
4,300000723FZ
4,300000724FZ
4,300000725FZ
4,300000726FZ
4,300000727FZ
4,300000728FZ
4,300000729FZ
4,300000730FZ
4,300000733FZ
4,300000734FZ
4,300000735FZ
4,300000742FZ
4,300000743FZ1
4,300000743FZ2
4,300000744FZ
4,300000745FZ
4,300000746FZ
4,300000748FZ
4,300000749FZ
4,300000763FZ
4,300000764FZ
4,300000770FZ
4,300000782FZ
4,300000784FZ
4,300000787FZ
4,300000788FZ
4,300000789FZ
4,300000790FZ
4,300000791FZ
4,300000818FZ
4,300000855FZ
4,300000862FZ
4,300000863FZ
4,300000864FZ
4,300000865FZ
4,300000876FZ
4,300000881FZ
4,300000899FZ
4,300000899FZ2
4,300000901FZ1
4,300000901FZ2
4,300000947FZ
4,300000948FZ
4,300000954FZ
4,3300BA1109
4,3300BA1205
4,3300BA1206
4,3300BA1207
4,3300BA1208
4,3300BA1209
4,3300BA1210
4,3300NS0995
4,3300NS0997
4,3300NS0998
4,3300NS0999
4,3300NS1000
4,3300NS1001
4,3300NS1002
4,3300NS1003
4,3300NS1008
4,3300NS1009
4,3300BA1120
4,3300BA1121
4,3300BA1122
4,3300BA1123
4,3300BA1124
4,3300BA1125
4,3300BA1127
4,3300BA1128
4,3300BA1129
4,3300BA1130
4,3300BA1131
4,3300NS1056
4,3300RU0944
4,3300RU0946
4,3300RU0947
4,3300RU0948
4,3300RU0954
4,4400MO0679
4,4400MO0680
4,4400MO0683
4,4400MO0684
4,4400MO0685
4,4400MO0687
5,030058880001
5,030058900001
5,030058930001
5,075071357
5,07605865
5,077072853
5,077072861
5,077072862
5,077072863
5,078074101
5,078074102
5,078074109
5,078074110
5,078074112
5,1100FLX00002
5,1500FLX1499
5,1500FLX1500
5,1500FLX1501
5,1500FLX1503
5,1500FLX1507
5,1500FLX1520
5,1500FLX455
5,1500FLX607
5,1500FLX608
5,1600FLX05
5,1600FLX17
5,1600FLX55
5,1600FLX59
5,1600FLX60
5,1600FLX61
5,1600FLX82
5,1600FLX89
5,1600FLX94
5,1600FLX101
5,1600FLX99
5,1600FLX107
5,1600FLX120
5,1900HAFLX003
5,1900HAFLX004
5,227000011185
5,26001452F
5,270002700937
5,270002701664
5,270002702041
5,3300NS0996
5,3300NS1012
5,3300RU0945
5,3300RU0949
5,3300RU0953
5,3300RU0958
5,3300NS1101
5,3300NS1103
5,3300BA1219
5,3300BA1221
5,3300BA1222
5,3300BA1224
5,4400MO0682
5,4400MO0686
6,07605866
6,07605867
6,077072852
6,077072854
6,078074106
6,078074108
6,1100FLX00004
6,1100FLX00005
6,1200DOB20661
6,1500FLX1502
6,1500FLX1504
6,1500FLX1505
6,1500FLX452
6,1500FLX456
6,1500FLX457
6,1600FLX06
6,1600FLX13
6,1600FLX14
6,1600FLX21
6,1600FLX103
6,1600FLX105
6,1600FLX108
6,1600FLX115
6,1600FLX117
6,1600FLX118
6,1600FLX123
6,1600FLX127
6,1600FLX128
6,1900HAFLX001
6,1900HAFLX002
6,1900HAFLX005
6,270002700936
6,3300BA1126
6,3300RU0952
6,3300RU0955
6,3300NS1096
6,3300NS1105
6,3300BA1218
6,3300BA1220
6,3300BA1225
6,3600DRT005
6,4400MO0681
7,030058890001
7,075071355
7,077072860
7,078074103
7,078074111
7,1200DOB20658
7,1200DOY38603
7,1200DOB20618
7,1200DOA91276
7,1500FLX1506
7,1600FLX04
7,1600FLX09
7,1600FLX19
7,1600FLX29
7,1600FLX53
7,1600FLX57
7,1600FLX67
7,1600FLX80
7,1600FLX110
7,1600FLX111
7,1600FLX116
7,26000700F
7,3300NS1094
7,3300NS1106
7,3300BA1223
7,3600DRT012
7,3600DRT011
8,078074104
8,078074105
8,1100FLX00001
8,1500FLX1498
8,1600FLX10
8,1600FLX16
8,1600FLX66
8,1600FLX18
8,1600FLX20
8,1600FLX26
8,1600FLX27
8,1600FLX30
8,1600FLX62
8,1600FLX63
8,1600FLX65
8,1600FLX78
8,1600FLX85
8,1600FLX114
8,1600FLX119
8,1900HAA91919
8,270000009655
8,270002700827
8,2700LHBC2442
8,3300NS1011
8,3300RU0951
8,3300RU0956
8,3300RU0957
8,33000NS1095
8,3300NS1097
8,3300NS1098
8,3300NS1099
8,3300NS1107
8,3600DRT00N
8,3600DRT00S
8,3600DRT002
9,030058850001
9,075071356
9,1200DOB20615
9,1500FLX453
9,1500FLX601
9,1600FLX01
9,1600FLX11
9,1600FLX25
9,1600FLX56
9,1600FLX79
9,1600FLX84
9,1600FLX97
9,1900HAA91915
9,1900HAA91943
9,26001442F
9,3300RU0950
9,3300NS1102
9,3300NS1104
9,3600DRT00D
9,3600DRT001
10,077072857
10,1500FLX606
10,1600FLX42
10,1600FLX58
10,1600FLX70
10,1600FLX83
10,1600FLX90
10,1600FLX93
10,1600FLX98
10,1600FLX124
10,1900HAA91941
10,270002700192
10,3300NS1100
10,3600DRT00C
10,3600DRT00I
10,3600DRT013
11,1200DOB20621
11,1500FLX602
11,1500FLX604
11,1500FLX605
11,1600FLX12
11,1600FLX64
11,1600FLX69
11,1600FLX76
11,1600FLX87
11,1600FLX113
11,1600FLX125
11,1600FLX81
11,3300NS1010
11,3600DRT00M
11,3600DRT003
12,1600FLX44
12,1600FLX75
12,1600FLX86
12,1900HAFLX008
12,1900HAA91945
12,3600DRT00T
12,3600DRT006
12,3600DRT032
13,1600FLX71
13,1600FLX102
13,1600FLX122
13,1900HAA91903
13,3600DRT036
13,3600DRT00Z
13,3600DRT028
14,030058860001
14,1600FLX22
14,1600FLX73
14,1600FLX68
14,1600FLX72
14,1600FLX91
14,1600FLX95
14,1600FLX96
14,1600FLX112
14,1900HAFLX007
15,1500FLX454
15,1600FLX28
15,1600FLX32
15,1600FLX77
15,1600FLX88
15,1900HAA91942
15,3600DRT026
15,3600DRT030
16,3600DRT00U
17,1900HAA91907
18,1600FLX92
18,1600FLX100
18,1900HAFLX009
18,3600DRT023
19,030058870001
19,1900HAA91944
19,3600DRT00V
19,3600DRT031
20,1500FLXCLAC
20,1600FLX109
20,1900HAA91908
20,3600DRT033
20,3600DRT034
21,1500FLX603
22,1500FLX600
22,1600FLX126
22,3600DRT00Y
22,3600DRT027
23,1900HAA91904
23,3600DRT007
23,3600DRT018
23,3600DRT019
24,1900HAA91905
24,3600DRT00J
24,3600DRT029
25,3600DRT00E
26,0600MA000072
27,1600FLX74
27,1900HAA91896
27,3600DRT00K
27,3600DRT017
28,1900HAA91902
28,3600DRT024
29,3600DRT00Q
29,3600DRT021
29,3600DRT035
30,1900HAA91906
30,3600DRT00F
30,3600DRT00H
30,3600DRT00O
31,3600DRT00L
31,3600DRT014
32,3600DRT004
36,1900HAA91909
36,3600DRT00B
36,3600DRT00G
37,3600DRT00P
39,1600FLX49
40,3600DRT020
42,3600DRT015
43,1600FLX03
48,3600DRT016
49,3600DRT025
50,1600FLX50
53,1600FLX51
60,3600DR022
63,1600FLX47
82,3600DRT008
85,3600DRT010
91,3600DRT009
